Content Title,Carousel Ready,Cover Image,Engagement,Hook,Key Insight,Niche,Platform,Slide Images,Source URL,Status,Week Of
Sugar Cravings Are a Protein Signal,Yes,,39700,"If you are craving sugar, you need protein. Cravings ≠ lack of willpower — they're feedback.",Sugar cravings are most often the body's signal for protein — addressing the root cause eliminates the craving without relying on willpower.,Nutrition & Food,Instagram,https://www.canva.com/d/hZ4WQsLjMFpv3Jx,https://www.instagram.com/p/DTIk8Qfke90/,Not started,"April 24, 2026"
Walnuts + Blueberries Sharpen Memory,No,,11600,Did you know that mixing walnuts and blueberries sharpens your memory and slows aging?,Combining omega-3-rich walnuts with antioxidant-dense blueberries creates a synergistic effect on brain health and cellular aging.,Nutrition & Food,TikTok,,https://www.tiktok.com/@zenaf716/photo/7618810840938056990,Not started,"April 24, 2026"
Superfoods That Reverse Visible Skin Aging,No,,3700,These superfoods will make you look ten years younger.,"Specific antioxidant-rich foods directly slow collagen degradation and reduce skin oxidative stress, producing visible anti-aging effects.",Longevity & Biohacking,Instagram,,https://www.instagram.com/p/DXWeMRykZ-7/,Not started,"April 24, 2026"
5 Nutrients You're Probably Low In,No,,3205,"Feeling tired, foggy, or just off lately? It might not be burnout — it could be a nutrient deficiency.","Even people eating a 'healthy' diet are commonly low in magnesium, vitamin D, B12, iron, and zinc — all of which drive fatigue and brain fog.",Nutrition & Food,Instagram,,https://www.instagram.com/p/DKpm9rPS6U8/,Not started,"April 24, 2026"
Cool Your Pasta — Cut Your Blood Sugar Spike by 50%,No,,143000,Leftover cold pasta is literally healthier than fresh hot pasta — and the food science proves it,"Cooling cooked starches (pasta, rice, potatoes) converts digestible starch into resistant starch, cutting post-meal blood sugar spikes by up to 50% per research, while simultaneously feeding gut bacteria as prebiotic fiber.",Nutrition & Food,TikTok,,https://www.foxnews.com/food-drink/eating-leftover-pasta-may-better-your-blood-sugar-than-fresh-bowl-experts-say,Not started,"April 24, 2026"
Muscle Is a Longevity Savings Account — Start Depositing,No,,52000,Muscle mass is a longevity savings account. Most people are bankrupt by 70.,"Muscle declines 3–5% per decade after 30 (accelerating after 60), is the body's primary glucose disposal site, and building it in midlife is the strongest single predictor of functional independence in old age — requiring double the standard protein RDA to maintain.",Fitness & Movement,Instagram,,https://peterattiamd.com/research-worth-sharing-april-2026/,Not started,"April 24, 2026"
Fiber Is 'Nutritional Defense' — The Longevity Research Explains Why,No,,3847,Stop calling fiber 'roughage.' The longevity research is calling it 'nutritional defense' — and the reason should change how you eat.,"High dietary fiber intake is associated with lower all-cause mortality in every major long-term cohort study; its benefits extend far beyond digestion — it regulates immune function, insulin sensitivity, and systemic inflammation through the gut microbiome.",Longevity & Biohacking,Reddit,,https://www.reddit.com/r/nutrition/top/?t=week,Not started,"April 24, 2026"
The Gene Mutation Quietly Aging 44% of People,No,,312000,I spent 10 years predicting when people would die — to the month. Here's the pattern I kept seeing.,"The MTHFR gene mutation (present in ~44% of people) impairs methylation — the process controlling DNA repair, detox, and neurotransmitter production — and can be partially corrected by switching synthetic B vitamins to their methylated forms.",Longevity & Biohacking,TikTok,,https://www.foxnews.com/video/6393761433112,Not started,"April 24, 2026"
What You Eat Is Deciding How Fast Your Brain Ages,No,,87000,Every meal you eat is either building your brain or slowly destroying it. There is no neutral.,"Ultra-processed foods drive chronic neuroinflammation — a primary suspect in both depression and dementia — while fatty fish, dark berries, and olive oil directly stimulate BDNF production, with Mediterranean-style diets linked to a 35% reduction in cognitive decline.",Mental Health & Mindset,Instagram,,https://finance.yahoo.com/news/6-things-longevity-expert-dr-193702276.html,Not started,"April 24, 2026"
Two Cups of Beans Daily Could Fix Your Gut,No,,487000,I ate 2 cups of beans every day for 30 days — here's what happened to my gut,"Beans contain prebiotic fiber that gut bacteria ferment into short-chain fatty acids, directly reducing inflammation and supporting mood via the gut-brain axis — making them one of the most underrated single foods for microbiome health.",Nutrition & Food,TikTok,,https://www.bloomberg.com/news/articles/2026-04-24/viral-tiktok-trend-turns-beans-into-must-buy-grocery-item,Not started,"April 24, 2026"