Review Title,Brand,Category,Date Pulled,Funnel Use,Hook Signal,Review Text,Source URL,Star Rating
Great meal replacement — doesn't mess with my tummy,Ambrosia Planta,"Gut Health Win, Taste Win","April 13, 2026",Testimonial,Sensitive stomach validation — both reviewer and picky husband approve. Gut-safe social proof angle.,"So yummy, so healthy, and it's filling too. And it doesn't mess with my tummy, I have a sensitive tummy. I love this flavor as well, even my husband asks for it and he's picky. And it doesn't mess with him either. I highly recommend it!",https://www.amazon.com/product-reviews/B0CJCQQNW7,⭐⭐⭐⭐⭐ 5-star
Best Protein Powder!!!! — no nasty after taste,Ambrosia Planta,Taste Win,"April 13, 2026",Hook Language,'Does NOT have a nasty after taste' — no-aftertaste angle. Strong for hook opening vs. category's stevia/pea taste complaints.,"Literally the best protein powder I have ever tasted! It does NOT have a nasty after taste, can actually taste peanut butter, and overall a great way to get some protein in your diet! Highly recommend everyone try it out (this is for peanutbutter cup flavor ONLY)",https://www.amazon.com/product-reviews/B07SSWL63T,⭐⭐⭐⭐⭐ 5-star
"Buy it on the regular, easy to digest",Ambrosia Planta,"Gut Health Win, Repeat Buy Signal, Switch from Whey","April 13, 2026",Testimonial,"60-yr-old with sensitive digestion — dietitian-recommended, no bloating, no upset. Repeat buyer. Perfect for 35-55F health-conscious ICP.","Im a 60 yr old woman and my dietitian recommended this to help increase my protein. I try to stay somewhat plant based due to digestion issues of meat proteins, and she suggested giving it a try. This protein powder doesn't bother my stomach like most every other brands I've tried. No bloating or any upset. It mixes well and isn't too gritty either. I've been using it faithfully.",https://www.amazon.com/product-reviews/B0CJCQQNW7,⭐⭐⭐⭐⭐ 5-star
"This protein was terrible — chunky with water, terrible customer service",Ambrosia Planta,"Objection to Pre-empt, Texture Issue","April 13, 2026",Objection Handler,Mixability failure + CS complaint. Objection to pre-empt: show shake-with-water demos in ad creative. Also flags CS gap.,"I have used this brand of protein now for well over a year. This particular one I received was terrible. The protein doesn't blend well, and it remains very chunky when mixed with water. I reached out to the manufacturer through Amazon, and they were completely useless and unwilling to help. I have now switched my protein brand as I was very unhappy with this company's customer service.",https://www.amazon.com/product-reviews/B07SSWL63T,⭐ 1-star
first protein drink that didn't taste like straight chalk,Ambrosia Planta,"Price Objection, Taste Win","April 13, 2026",Hook Language,'First protein drink that didn't taste like straight chalk' — anti-chalk angle with price tension noted. High hook value.,"this is the first protein drink that didn't taste like straight chalk. It has no chalky texture or taste at all which I LOVE. The taste is also great. I just wish they would have more of the powder in the bag for what you are paying for. Still though, beats choking down a sludge of chalk so I'm happy.",https://www.amazon.com/product-reviews/B07SSWL63T,⭐⭐⭐⭐⭐ 5-star
Hands down best plant based protein,Ambrosia Planta,"Gut Health Win, Switch from Whey, Taste Win","April 13, 2026",Testimonial,Former whey user who switched after stomach couldn't handle it — Planta beat every store brand on texture and taste. 'Even better than any whey protein I've taken.',"After years of taking whey protein, my stomach could not process whey like it used to. Enter the world of vegetable/pea proteins. I ended up trying every major brand vegan protein that is sold in stores and was consistently disgusted by the grainy quality and the strange after taste. I am so glad that a friend recommended this because it is even better than any whey protein I have taken. The texture is smooth, the flavor is peanuty, and my macros are being hit.",https://www.amazon.com/product-reviews/B07SSWL63T,⭐⭐⭐⭐⭐ 5-star
"Basic Vegan Protein — heavily hyped, pea/rice is low-effort",Ambrosia Planta,"Objection to Pre-empt, Price Objection, Taste Complaint","April 13, 2026",Objection Handler,"Skeptic objection: 'influencer-hyped, just pea/rice, overpriced.' Must counter with ingredient quality story + taste differentiation. Key objection to pre-empt.","Planta is a heavily hyped basic vegan protein made by a company backed by influencers. Not a problem, necessarily, but certainly something to consider when reading rave reviews. It's an 'OK' standard gritty pea and rice protein blend - no additional sources of protein. Planta is clearly not competing for best price, so that leaves flavors, and for the most part I haven't been impressed.",https://www.amazon.com/product-reviews/B07SSWL63T,⭐⭐⭐ 3-star
This is the one you want! — like a candy bar for breakfast,Ambrosia Planta,Taste Win,"April 13, 2026",Hook Language,"'Like having a candy bar for breakfast' — desire-frame, fitness journey context. Strong emotional hook.",I've been on a fitness journey for over a year and have tried my fair share of protein shakes but none have come close to this one. It's like having a candy bar for breakfast. Not super sweet but the taste is ahhhhh myyyyy goddddd. Delicious.,https://www.amazon.com/product-reviews/B0CJCQQNW7,⭐⭐⭐⭐⭐ 5-star
"Garden of Life: Reformulated — tripled sodium, poor mixability, stomach feels bad",Garden of Life,"Gut Complaint, Objection to Pre-empt, Texture Issue","April 13, 2026",Hook Language,198 helpful votes. Formula betrayal. Planta opportunity: 'We don't change formulas on you. Same clean recipe since day one.' Trust + consistency angle.,"Originally, this Garden of Life Sport Protein Powder was the holy grail of protein powders for me: vegan, full amino acid profile, good mixability and taste, high quality ingredients, low sodium, and pleasant digestion. New formula tripled sodium, poor mixability and taste, stomach feels bad now. I was their most loyal customer and now I'm done.",https://www.amazon.com/product-reviews/B01N7DTD98,⭐ 1-star
Orgain: Didn't agree with my belly — and a little pricey,Orgain,"Gut Complaint, Price Objection","April 13, 2026",Objection Handler,Gut complaint + price sensitivity. Planta angle: gut-friendly AND competitively priced for quality.,The only reason I'm giving this a 3 is because it didn't agree with my belly. I did pass it on to a friend and they love it. It's also a little pricey.,https://www.amazon.com/product-reviews/B00J074W7Q,⭐⭐⭐ 3-star
"Orgain: Doesn't mix smoothly, leaves clumps",Orgain,Texture Issue,"April 13, 2026",Hook Language,Mixability complaint. Planta counter: 'Mixes with a spoon in seconds' or shake demo creative angle.,"Eh, the flavor is fine, but it doesn't mix smoothly and leaves clumps. Not my favorite for shakes.",https://www.amazon.com/product-reviews/B00J074W7Q,⭐⭐⭐ 3-star
Vega: Took a 5-star product and made it 3 stars,Vega,"Repeat Buy Signal, Taste Complaint","April 13, 2026",Hook Language,"99 helpful votes. Loyal buyer, active vegan athlete, churned on taste change. Planta can capture displaced Vega loyalists with flavor consistency message.","In my household we have gone through three to four of this stuff a month for over two years. The flavor should be called tart cherry, because that's what it tastes like, it doesn't taste like chocolate. The chocolate taste has been replaced with a tartness I did not agree with. Very active vegan crossfitter. I always went back to Vega. Not anymore.",https://www.amazon.com/product-reviews/B01LXZS18X,⭐⭐⭐ 3-star
Orgain: Grainy chalky taste — even with frozen berries,Orgain,"Taste Complaint, Texture Issue","April 13, 2026",Hook Language,Planta counter-angle: 'The one that doesn't taste chalky — even your blender can't save Orgain's texture.',Even with frozen berries added the grainy chalky taste remains. Tried blending it longer and that did not help.,https://www.amazon.com/product-reviews/B00J074W7Q,⭐⭐⭐ 3-star
Garden of Life: Owned by Nestlé — cancelled subscription,Garden of Life,Objection to Pre-empt,"April 13, 2026",Body Copy,"5 helpful votes. Trust/ownership objection — clean brand provenance matters to this customer. Planta angle: independent, founder-led, no corporate parent.",Garden of Life is owned by Nestlé which makes it less reputable. I cancelled my subscription.,https://www.amazon.com/product-reviews/B01N7DTD98,⭐⭐⭐ 3-star
Garden of Life: Once-a-week only — high lead content,Garden of Life,"Efficacy Doubt, Objection to Pre-empt","April 13, 2026",Objection Handler,Heavy metals / lead fear in plant protein category. Planta opportunity: proactively address safety/testing credentials in ad copy.,Lead even though NSF certified. Google search says consume this brand no more than once a week due to lead content. Plant based protein powder is just that way.,https://www.amazon.com/product-reviews/B01N7DTD98,⭐⭐⭐ 3-star
Garden of Life: Completely new product — more than just taste has changed,Garden of Life,"Objection to Pre-empt, Taste Complaint","April 13, 2026",Body Copy,110 helpful votes. Conscious consumer outrage at formula change. Planta angle: 'No Nestlé. No formula flips. No surprises on the label.',"Garden of Life apparently changed this formula in July 2024. In addition to the fact that the flavor has apparently changed to be less palatable, Garden of Life has made a number of other changes to this formula that conscious consumers should be aware of. The amount of sodium has dramatically increased.",https://www.amazon.com/product-reviews/B01N7DTD98,⭐ 1-star
Vega: 1-star for something I used to drink 3x a week,Vega,"Objection to Pre-empt, Taste Complaint","April 13, 2026",Hook Language,36 helpful votes. Formula reformulation betrayal — 3-year loyal customer lost. Same opportunity as Garden of Life: 'We don't do this to you.',I have been drinking the Vega Sport Performance Protein Chocolate flavor regularly for 3 years. I just broke into our first tub of the 'new formula' and I am writing what everyone else is saying: the formula has completely changed. This is a betrayal of dedicated fans.,https://www.amazon.com/product-reviews/B01LXZS18X,⭐ 1-star
KOS: Really liked it — so why 1 star? Price gouging from $39 to $58 in 4 months,KOS,Price Objection,"April 13, 2026",Objection Handler,51 helpful votes. Price instability is a trust killer. Planta opportunity: consistent pricing or Subscribe & Save clarity to win on value reliability.,"I ordered the big size 4 months ago for $38.93 and now it's $58.29. Four months later, same size, same flavor. I really liked it but won't be buying at this price.",https://www.amazon.com/product-reviews/B076B8F1C6,⭐ 1-star
KOS: Most gut-friendly protein I’ve found — no erythritol,KOS,"Efficacy Win, Gut Health Win","April 13, 2026",Body Copy,Erythritol-free positioning as a gut health differentiator — this is a KOS brand asset Planta should match or counter with its own gut-friendly credentials.,"No erythritol!! I keep reading how sugar alcohols upset the gut microbiome, but they're in so many health foods. Real, least-processed food is always the answer, and coconut sugar is a great sweetener. I love the blend of plant protein in this as well. The gut-friendliest brand I've found.",https://www.amazon.com/product-reviews/B076B8F1C6,⭐⭐⭐⭐⭐ 5-star
"Truvani: Great clean protein powder — monk fruit, no stevia, a bit pricey",Truvani,"Price Objection, Taste Win","April 13, 2026",Body Copy,Truvani wins on sweetener choice (monk fruit vs stevia) — price is the only knock. Planta must win on both taste and perceived value vs. Truvani.,I love the clean ingredients and that it's sweetened by Monk fruit vs an artificial sugar. The taste is great! The only reason I didn't give it 5 stars was because of the cost. It's a bit pricey.,https://www.amazon.com/product-reviews/B0DDQHJ2NG,⭐⭐⭐⭐ 4-star
KOS: Absolute BEST protein powder I have ever had,KOS,"Efficacy Win, Repeat Buy Signal, Taste Win","April 13, 2026",Testimonial,"1,779 helpful votes. Nutrition professional authority endorsement. KOS competes on exactly the same credibility + taste + family-safe angle as Planta. Competitive watch.","I have a degree in nutrition and fitness. I don't have time for crappy products. I don't want to be eating or drinking them, I won't recommend them to my clients and I certainly won't give them to my kids or family. Thankfully this product checks every box. The taste is incredible, it mixes smoothly, the ingredients are clean. I recommend this to all my clients and my whole family uses it now.",https://www.amazon.com/product-reviews/B076B8F1C6,⭐⭐⭐⭐⭐ 5-star
"Truvani: Taste is horrendous — inedible, won't mix",Truvani,"Taste Complaint, Texture Issue","April 13, 2026",Hook Language,Even Truvani fans struggle with mixability in some flavors. Planta mixability win angle is strong across the whole category.,This is an absolutely horrendous protein powder. I have never seen anything refuse to mix like this. It looks like it gets dissolved but then its still chunky and chalky and gritty. Its inedible. I've tried with milk and water. I've had plenty of bad protein powders before and I could quickly choke them down but not this one.,https://www.amazon.com/product-reviews/B0DDQHJ2NG,⭐ 1-star
"Truvani: Very clean protein — no fillers, no artificial flavors",Truvani,"Efficacy Win, Taste Win","April 13, 2026",Body Copy,"Truvani fan language: 'clean, no fillers, no artificial flavors' — this is what Planta competes for. Must match or exceed this clean-label perception.","One of the best proteins on the market with clean ingredients. I like the fact that it is clean, no fillers, no artificial flavors. Also it is delicious I take it with water and the flavor and texture is great. The blend quality is perfect with water and milk. It helps me to go through my morning without being hungry which is very important for me.",https://www.amazon.com/product-reviews/B0DDQHJ2NG,⭐⭐⭐⭐⭐ 5-star
Truvani: Really good quality — just way too expensive ($50+ per lb),Truvani,Price Objection,"April 13, 2026",Objection Handler,$50+ per lb pricing called out as insane — price ceiling for this customer segment. Planta can compete on value-per-serving angle.,"I got the unflavored one and it was really good quality. Tastes great, very nutty flavor. I'm also acne prone, so this was a miracle product. My only major complaint is that it's way too expensive. $50+ for a lb of protein is insane. I'd continue buying this one but it's just too much money.",https://www.amazon.com/product-reviews/B0BFBVKKBY,⭐⭐⭐ 3-star
KOS: Who knew protein powder could save my relationship with my teenage son,KOS,"Efficacy Win, Switch from Whey","April 13, 2026",Hook Language,857 helpful votes. Emotional story: parent + vegan teen. Signals family/crossover audience for plant protein. Planta could own a 'the whole family' or 'for your kids too' angle.,"My 14 year old son comes home after watching a documentary and announces he is Vegan. I started preparing vegan alternatives and found that he was dropping way too much weight. So instead of listening to me he mentioned protein powder. This KOS protein has been a game changer — he takes it daily and his weight is back up. And honestly, I tried it and I love it too.",https://www.amazon.com/product-reviews/B076B8F1C6,⭐⭐⭐⭐⭐ 5-star
"Four organs, one scoop, actually works",Ambrosia Nektar,Efficacy Win,"April 14, 2026",Hook Language,"Ingredient transparency as trust signal. 'Four organs, one scoop' = tagline candidate.","What I like is they don't pretend it does everything. Heart, liver, kidneys, lungs — that's it. Ingredients match the claim. Beet root, milk thistle, hibiscus, cordyceps. I can look up every one of these and see real research. That's rare.",https://www.amazon.com/dp/B097WTJCF5,⭐⭐⭐⭐⭐ 5-star
Check with your doctor if you're on blood thinners,Ambrosia Nektar,Objection to Pre-empt,"April 14, 2026",Objection Handler,Medication interaction — blood thinner / vitamin K. Compliance safety flag for PDP.,"Heads up — this contains vitamin K from the leafy greens. I'm on Eliquis and my doctor told me to pass. Not the product's fault, just a heads up for anyone on anticoagulants. 4 stars because I think they should flag this more clearly.",https://www.amazon.com/dp/B097WTJCF5,⭐⭐⭐⭐ 4-star
Prop 65 warning freaked me out,Ambrosia Nektar,Objection to Pre-empt,"April 14, 2026",Objection Handler,Prop 65 is a purchase objection that needs proactive handling on PDP + ad creative.,"Got the product and saw a California Prop 65 warning on the label. Almost returned it. Did some research — turns out almost every greens powder has this because of trace heavy metals from plants grown in soil. Still, the company should explain this upfront on the listing.",https://www.amazon.com/dp/B097WTJCF5,⭐⭐⭐ 3-star
Finally one my dad will actually drink,Ambrosia Nektar,"Efficacy Win, Taste Win","April 14, 2026",Testimonial,Family purchase driver — adult child buying for parent with heart issues. Consistency = taste.,Bought this for my 58yo father who has high blood pressure and won't take anything that tastes gross. He's been drinking it every morning for 6 weeks. His last checkup numbers were the best in years. Whether it's the Nektar or not I don't know but he's consistent with it.,https://www.amazon.com/dp/B097WTJCF5,⭐⭐⭐⭐⭐ 5-star
"Cheaper than AG1, I can actually stick with it",Ambrosia Nektar,"Price Objection, Repeat Buy Signal, Switch from Whey","April 14, 2026",Body Copy,Direct AG1 conquest — price + specificity. 'Everything-for-everyone' is the AG1 weakness to attack.,Was on AG1 for a year. $79 a month finally got to me. Switched to Nektar at half the price and honestly I like it better — it's sweeter and I feel like the heart/liver focus is more specific than AG1's everything-for-everyone pitch.,https://www.amazon.com/dp/B097WTJCF5,⭐⭐⭐⭐⭐ 5-star
I wanted it to do more,Ambrosia Nektar,Efficacy Doubt,"April 14, 2026",Objection Handler,"Set expectations — Nektar is organ support, NOT stimulant energy. Don't over-promise on immediate feel.",Taste is good. But I was expecting more of an energy kick like the reviews said. I drink it in the morning and I don't notice much difference vs. my old routine. Maybe it's a slow build thing. Staying on for another month to see.,https://www.amazon.com/dp/B097WTJCF5,⭐⭐⭐ 3-star
My liver enzymes dropped,Ambrosia Nektar,"Efficacy Win, Repeat Buy Signal","April 14, 2026",Testimonial,"Biomarker proof — 'doctor asked what I changed' format. Liver angle, unclaimed by competitors.",I'm a social drinker and my ALT was creeping up at my last physical. Started Nektar daily after reading about milk thistle and dandelion. 3 months later my liver panel came back normal. Doctor asked what I changed. Not saying it's magic but I changed one thing.,https://www.amazon.com/dp/B097WTJCF5,⭐⭐⭐⭐⭐ 5-star
Tried three greens powders this year — this one I finished,Ambrosia Nektar,"Repeat Buy Signal, Taste Win, Texture Issue","April 14, 2026",Body Copy,'The one I actually finished' — consumption proof vs. greens-powder graveyard. Direct competitor callout.,"Athletic Greens was too grassy. Bloom was too sweet and I didn't trust the ingredient list. Nektar is the one I actually finished the tub of and reordered. Goes down easy, no aftertaste, no chalky residue at the bottom of the glass.",https://www.amazon.com/dp/B097WTJCF5,⭐⭐⭐⭐⭐ 5-star
Wife's been nagging me to take care of myself,Ambrosia Nektar,"Efficacy Win, Repeat Buy Signal, Taste Win","April 14, 2026",Testimonial,"Perfect Marcus ICP — family history, wife as purchase driver, 'don't love admitting it' vulnerability.","50, dad died of a heart attack at 61. Wife found this and basically put it in front of me. Been on it 2 months. I don't love admitting it but I feel different — more awake, less bloated after lunch. Taste is legit great.",https://www.amazon.com/dp/B097WTJCF5,⭐⭐⭐⭐⭐ 5-star
"Tastes like a treat, not medicine",Ambrosia Nektar,"Repeat Buy Signal, Taste Win","April 14, 2026",Hook Language,"'Tastes like a treat, not medicine' — direct taste-skeptic reversal","I was skeptical because every 'greens' powder I've tried tastes like lawn clippings. Nektar actually tastes like a berry smoothie. My wife drinks it too now. Mixes clean in water, no clumps.",https://www.amazon.com/dp/B097WTJCF5,⭐⭐⭐⭐⭐ 5-star